{"cameraMode":{"drawMode":0,"name":"Shaded","section":"Shading Mode"},"sceneLighting":true,"audioPlay":false,"sceneViewState":{"showFog":false,"showMaterialUpdate":false,"showSkybox":false,"showFlares":false,"showImageEffects":false,"showParticleSystems":false},"in2DMode":false,"pivot":{"x":614.7447509765625,"y":344.3151550292969,"z":60.77348327636719},"rotation":{"x":0.015320205129683018,"y":0.0003096525324508548,"z":-0.000004997999894840177,"w":0.9998826384544373},"size":835.6103515625,"orthographic":false}